{
	"credit": "CINNAIO MADED",
	"textures": {
		"0": "buildfur:block/marbled_floor_white",
		"particle": "buildfur:block/marbled_floor_white"
	},
	"elements": [
		{
			"from": [-9, 3.17245, 1.56133],
			"to": [25, 4.17245, 5.81133],
			"rotation": {"angle": 0, "axis": "x", "origin": [8, 2.4317, 3.68633]},
			"faces": {
				"north": {"uv": [-1.375, 3.4375, 10.9375, 9.5625], "rotation": 90, "texture": "#0"},
				"east": {"uv": [-1.375, 3.4375, 10.9375, 9.5625], "texture": "#0"},
				"south": {"uv": [-1.375, 3.4375, 10.9375, 9.5625], "rotation": 270, "texture": "#0"},
				"west": {"uv": [-1.375, 3.4375, 10.9375, 9.5625], "rotation": 180, "texture": "#0"},
				"up": {"uv": [-1.375, 3.4375, 10.9375, 9.5625], "rotation": 270, "texture": "#0"},
				"down": {"uv": [-1.375, 3.4375, 10.9375, 9.5625], "rotation": 90, "texture": "#0"}
			}
		},
		{
			"from": [-9, 2.17245, 4.06133],
			"to": [25, 3.17245, 4.81133],
			"rotation": {"angle": 0, "axis": "x", "origin": [8, 2.4317, 3.68633]},
			"faces": {
				"north": {"uv": [-1.375, 3.4375, 10.9375, 9.5625], "rotation": 90, "texture": "#0"},
				"east": {"uv": [-1.375, 3.4375, 10.9375, 9.5625], "texture": "#0"},
				"south": {"uv": [-1.375, 3.4375, 10.9375, 9.5625], "rotation": 270, "texture": "#0"},
				"west": {"uv": [-1.375, 3.4375, 10.9375, 9.5625], "rotation": 180, "texture": "#0"},
				"up": {"uv": [-1.375, 3.4375, 10.9375, 9.5625], "rotation": 270, "texture": "#0"},
				"down": {"uv": [-1.375, 3.4375, 10.9375, 9.5625], "rotation": 90, "texture": "#0"}
			}
		},
		{
			"from": [-9, 2.17245, 2.81133],
			"to": [25, 3.17245, 3.56133],
			"rotation": {"angle": 0, "axis": "x", "origin": [8, 2.4317, 3.68633]},
			"faces": {
				"north": {"uv": [-1.375, 3.4375, 10.9375, 9.5625], "rotation": 90, "texture": "#0"},
				"east": {"uv": [-1.375, 3.4375, 10.9375, 9.5625], "texture": "#0"},
				"south": {"uv": [-1.375, 3.4375, 10.9375, 9.5625], "rotation": 270, "texture": "#0"},
				"west": {"uv": [-1.375, 3.4375, 10.9375, 9.5625], "rotation": 180, "texture": "#0"},
				"up": {"uv": [-1.375, 3.4375, 10.9375, 9.5625], "rotation": 270, "texture": "#0"},
				"down": {"uv": [-1.375, 3.4375, 10.9375, 9.5625], "rotation": 90, "texture": "#0"}
			}
		},
		{
			"from": [-9, 1.05286, 5.68305],
			"to": [25, 2.30286, 5.93305],
			"rotation": {"angle": -22.5, "axis": "x", "origin": [8, 2.4317, 3.68633]},
			"faces": {
				"north": {"uv": [-1.375, 3.4375, 10.9375, 9.5625], "rotation": 270, "texture": "#0"},
				"east": {"uv": [-1.375, 3.4375, 10.9375, 9.5625], "rotation": 270, "texture": "#0"},
				"south": {"uv": [-1.375, 3.4375, 10.9375, 9.5625], "rotation": 270, "texture": "#0"},
				"west": {"uv": [-1.375, 3.4375, 10.9375, 9.5625], "rotation": 270, "texture": "#0"},
				"up": {"uv": [-1.375, 3.4375, 10.9375, 9.5625], "rotation": 270, "texture": "#0"},
				"down": {"uv": [-1.375, 3.4375, 10.9375, 9.5625], "rotation": 270, "texture": "#0"}
			}
		},
		{
			"from": [-9, 0.86301, 5.81002],
			"to": [25, 2.11301, 6.06002],
			"rotation": {"angle": 22.5, "axis": "x", "origin": [8, 1.48801, 5.93502]},
			"faces": {
				"north": {"uv": [-1.375, 3.4375, 10.9375, 9.5625], "rotation": 270, "texture": "#0"},
				"east": {"uv": [-1.375, 3.4375, 10.9375, 9.5625], "rotation": 270, "texture": "#0"},
				"south": {"uv": [-1.375, 3.4375, 10.9375, 9.5625], "rotation": 270, "texture": "#0"},
				"west": {"uv": [-1.375, 3.4375, 10.9375, 9.5625], "rotation": 270, "texture": "#0"},
				"up": {"uv": [-1.375, 3.4375, 10.9375, 9.5625], "rotation": 270, "texture": "#0"},
				"down": {"uv": [-1.375, 3.4375, 10.9375, 9.5625], "rotation": 270, "texture": "#0"}
			}
		},
		{
			"from": [15.5, 2, 4],
			"to": [16, 16, 4.5],
			"faces": {
				"north": {"uv": [-1.375, 3.4375, 10.9375, 9.5625], "rotation": 270, "texture": "#0"},
				"east": {"uv": [-1.375, 3.4375, 10.9375, 9.5625], "rotation": 270, "texture": "#0"},
				"south": {"uv": [-1.375, 3.4375, 10.9375, 9.5625], "rotation": 270, "texture": "#0"},
				"west": {"uv": [-1.375, 3.4375, 10.9375, 9.5625], "rotation": 270, "texture": "#0"},
				"up": {"uv": [-1.375, 3.4375, 10.9375, 9.5625], "rotation": 270, "texture": "#0"},
				"down": {"uv": [-1.375, 3.4375, 10.9375, 9.5625], "rotation": 270, "texture": "#0"}
			}
		},
		{
			"from": [0.5, 2, 4],
			"to": [1, 16, 4.5],
			"faces": {
				"north": {"uv": [-1.375, 3.4375, 10.9375, 9.5625], "rotation": 270, "texture": "#0"},
				"east": {"uv": [-1.375, 3.4375, 10.9375, 9.5625], "rotation": 270, "texture": "#0"},
				"south": {"uv": [-1.375, 3.4375, 10.9375, 9.5625], "rotation": 270, "texture": "#0"},
				"west": {"uv": [-1.375, 3.4375, 10.9375, 9.5625], "rotation": 270, "texture": "#0"},
				"up": {"uv": [-1.375, 3.4375, 10.9375, 9.5625], "rotation": 270, "texture": "#0"},
				"down": {"uv": [-1.375, 3.4375, 10.9375, 9.5625], "rotation": 270, "texture": "#0"}
			}
		}
	],
	"display": {
		"thirdperson_righthand": {
			"rotation": [68, 0, 0],
			"translation": [0, 0, 0.5],
			"scale": [0.3, 0.3, 0.3]
		},
		"thirdperson_lefthand": {
			"rotation": [68, 0, 0],
			"translation": [0, 0, 0.5],
			"scale": [0.3, 0.3, 0.3]
		},
		"firstperson_righthand": {
			"translation": [0, 1.75, 0],
			"scale": [0.3, 0.3, 0.3]
		},
		"firstperson_lefthand": {
			"translation": [0, 1.75, 0],
			"scale": [0.3, 0.3, 0.3]
		},
		"ground": {
			"translation": [0, -1, 0],
			"scale": [0.4, 0.4, 0.4]
		},
		"gui": {
			"rotation": [17, -154, 0],
			"translation": [-0.25, 1.75, 0],
			"scale": [0.4, 0.4, 0.4]
		},
		"head": {
			"translation": [0, -27, -2],
			"scale": [2, 2, 2]
		},
		"fixed": {
			"translation": [0, 0, -5],
			"scale": [0.4, 0.4, 0.4]
		}
	}
}